{"cameraMode":{"drawMode":0,"name":"Shaded","section":"Shading Mode"},"sceneLighting":true,"audioPlay":false,"sceneViewState":{"showFog":true,"showMaterialUpdate":true,"showSkybox":true,"showFlares":true,"showImageEffects":true,"showParticleSystems":true},"in2DMode":false,"pivot":{"x":-3.0365545749664308,"y":0.1421370506286621,"z":11.48714542388916},"rotation":{"x":-0.025770418345928193,"y":0.053055185824632648,"z":-0.0013694639783352614,"w":-0.998259425163269},"size":26.341861724853517,"orthographic":false}